{
  "user1": {
    "name": "Alice",
    "id": "@s13",
    "avatar": "/dashboard/styles/icons/star_logo.jpg"
  },
  "user2": {
    "name": "Bob",
    "id": "@s42",
    "avatar": "/dashboard/styles/icons/star_logo.jpg"
  },
  "user3": {
    "name": "Charlie",
    "id": "@s7",
    "avatar": "/dashboard/styles/icons/star_logo.jpg"
  },
  "user4": {
    "name": "Diana",
    "id": "@s21",
    "avatar": "/dashboard/styles/icons/star_logo.jpg"
  },
  "user5": {
    "name": "Eve",
    "id": "@s34",
    "avatar": "/dashboard/styles/icons/star_logo.jpg"
  },
  "user6": {
    "name": "Frank",
    "id": "@s56",
    "avatar": "/dashboard/styles/icons/star_logo.jpg"
  },
  "user7": {
    "name": "Grace",
    "id": "@s78",
    "avatar": "/dashboard/styles/icons/star_logo.jpg"
  },
  "user8": {
    "name": "Hank",
    "id": "@s89",
    "avatar": "/dashboard/styles/icons/star_logo.jpg"
  },
  "user9": {
    "name": "Ivy",
    "id": "@s90",
    "avatar": "/dashboard/styles/icons/star_logo.jpg"
  },
  "user10": {
    "name": "Jack",
    "id": "@s11",
    "avatar": "/dashboard/styles/icons/star_logo.jpg"
  },
  "user11": {
    "name": "Kathy",
    "id": "@s12",
    "avatar": "/dashboard/styles/icons/star_logo.jpg"
  },
  "user12": {
    "name": "Leo",
    "id": "@s14",
    "avatar": "/dashboard/styles/icons/star_logo.jpg"
  },
  "user13": {
    "name": "Mona",
    "id": "@s15",
    "avatar": "/dashboard/styles/icons/star_logo.jpg"
  },
  "user14": {
    "name": "Nate",
    "id": "@s16",
    "avatar": "/dashboard/styles/icons/star_logo.jpg"
  },
  "user15": {
    "name": "Olivia",
    "id": "@s17",
    "avatar": "/dashboard/styles/icons/star_logo.jpg"
  },
  "user16": {
    "name": "Paul",
    "id": "@s18",
    "avatar": "/dashboard/styles/icons/star_logo.jpg"
  },
  "user17": {
    "name": "Quinn",
    "id": "@s19",
    "avatar": "/dashboard/styles/icons/star_logo.jpg"
  },
  "user18": {
    "name": "Rita",
    "id": "@s20",
    "avatar": "/dashboard/styles/icons/star_logo.jpg"
  },
  "user19": {
    "name": "Sam",
    "id": "@s22",
    "avatar": "/dashboard/styles/icons/star_logo.jpg"
  },
  "user20": {
    "name": "Tina",
    "id": "@s23",
    "avatar": "/dashboard/styles/icons/star_logo.jpg"
  }
}
